name,score,address,img_url,reviews,open_hour
365회기역약국,,동대문구 회기로 193 1층,//img1.kakaocdn.net/cthumb/local/C544x408.q50/?fname=https%3A%2F%2Fpostfiles.pstatic.net%2FMjAyNDA1MDNfNzEg%2FMDAxNzE0NzM0NzAyOTIx.1baFTBOs7FtAXOR9Lrj8q9FmZREWy5STG8VfGHexjiMg.BQZISicEQuAdY_PBMSa6y-35Jo9xL-3wmUVNkg85NeIg.JPEG%2F20240501%25EF%25BC%25BF152555.jpg%3Ftype%3Dw966,"[{'작성자': '', '별점': '', '날짜': '', '내용': ' ', '좋아요': '0'}]","{'토': '09:00 ~ 23:30', '일': '10:00 ~ 23:30', '월': '08:00 ~ 23:30', '화': '08:00 ~ 23:30', '수': '08:00 ~ 23:30', '목': '08:00 ~ 23:30', '금': '08:00 ~ 23:30'}"
메디팜사랑약국,4.0,동대문구 망우로18길 6 1층,//img1.kakaocdn.net/cthumb/local/C544x408.q50/?fname=https%3A%2F%2Fpostfiles.pstatic.net%2FMjAyNDAxMThfNjYg%2FMDAxNzA1NTQwMTIyMjI3.UkC_3alP2yuoY6snvuQfFWiugfA29t0Pzklu2MxnSeEg.pocNoy7blXOUz3Mlcn4C7MduJJdGJv7OoTuyA_W5bYsg.PNG.drug08%2Fimage.png%3Ftype%3Dw966,"[{'작성자': '남이', '별점': '3.0', '날짜': '2019.03.03.', '내용': '병원 내 셔틀 내리자마자 약국', '좋아요': '0'}]","{'일': '09:00 ~ 18:00', '월': '09:00 ~ 18:00', '화': '09:00 ~ 18:00', '수': '09:00 ~ 18:00', '목': '09:00 ~ 18:00', '금': '09:00 ~ 18:00'}"
넘버원삼육약국,5.0,동대문구 망우로18길 26 1층,,"[{'작성자': '', '별점': '', '날짜': '', '내용': ' ', '좋아요': '0'}]",{}
크로바약국,1.5,동대문구 망우로 80 1층,,"[{'작성자': '.', '별점': '5.0', '날짜': '2024.05.01.', '내용': '제가 갔을땐 친절했어요', '좋아요': '0'}, {'작성자': '킹콩', '별점': '1.0', '날짜': '2023.08.08.', '내용': '진짜 불친절', '좋아요': '0'}, {'작성자': 'joe9', '별점': '1.0', '날짜': '2022.10.20.', '내용': '의약품 지퍼백이 아닌 그냥 시중 지퍼백에 약을 담아줘요', '좋아요': '0'}]","{'일': '09:00 ~ 18:00', '월': '09:00 ~ 18:00', '화': '09:00 ~ 18:00', '수': '09:00 ~ 18:00', '목': '09:00 ~ 18:00', '금': '09:00 ~ 13:00'}"
삼육정문약국,5.0,동대문구 망우로 86 1층,,"[{'작성자': '.', '별점': '5.0', '날짜': '2025.04.03.', '내용': '넘 친절하시구 좋아요 🥺♥️', '좋아요': '0'}, {'작성자': '여너🌷', '별점': '5.0', '날짜': '2022.11.01.', '내용': '깨끗하고 약 빨리나와서 좋음', '좋아요': '0'}, {'작성자': '스쿠터타고 씽씽', '별점': '5.0', '날짜': '2022.08.21.', '내용': '여긴 약국 맞아요?? 꽃가게 아니에요?\n선생님들 모두 친절히 잘 가르쳐 주시고 분위기가 약국 같지 않네요', '좋아요': '0'}]","{'일': '08:30 ~ 18:00', '월': '08:30 ~ 18:00', '화': '08:30 ~ 18:00', '수': '08:30 ~ 18:00', '목': '08:30 ~ 18:00', '금': '08:30 ~ 18:00'}"
코아약국,3.4,동대문구 이문로 30 1층,,"[{'작성자': '허니자몽블랙티', '별점': '1.0', '날짜': '2024.01.03.', '내용': '응대하는 태도를 고치세요.', '좋아요': '0'}, {'작성자': '부동산천하', '별점': '1.0', '날짜': '2023.09.21.', '내용': '원장과 담합해서 비싼 제품 판매…\n다른거 주문해달라니 말돌리다가 다른곳 가라함…\n좀 기분이 나쁘게…', '좋아요': '0'}, {'작성자': '잉', '별점': '1.0', '날짜': '2023.09.06.', '내용': '집가까워서 필요할때마다 몇번 찾아갔었는데 지난번에 구매해야 할게 있어서 방문해서 있냐고 여쭤봤는데 찌푸리면서 없다고 하시더라고요 순간 뭐지 싶긴했는데(잘못봤다고 생각했어요) 어디서 구매... 더보기', '좋아요': '0'}]","{'토': '09:00 ~ 20:00', '월': '09:00 ~ 20:00', '화': '09:00 ~ 20:00', '수': '09:00 ~ 20:00', '목': '09:00 ~ 20:00', '금': '09:00 ~ 20:00'}"
우리들위생약국,1.4,동대문구 망우로 78 1층,,"[{'작성자': 'harpo', '별점': '1.0', '날짜': '2023.10.31.', '내용': '관련없는 영양제끼워팔기 해서 팔아먹는곳. 그래서 돈은 두배로 써야함. \n교묘하게 약박스 두개를 겹쳐 이름 안보이게 하는 속... 더보기', '좋아요': '1'}, {'작성자': '쿔토쿔토', '별점': '1.0', '날짜': '2023.07.21.', '내용': '불친절하네요', '좋아요': '0'}, {'작성자': '김마요는내새꾸', '별점': '1.0', '날짜': '2022.05.06.', '내용': '와 이렇게 불친절한 약국도 처음이네요\n진짜 경우없는 약국입니다 \n근처에 약국이 얼마나 많은데 진... 더보기', '좋아요': '4'}]","{'일': '10:00 ~ 18:00', '월': '09:00 ~ 22:00', '화': '09:00 ~ 22:00', '수': '09:00 ~ 22:00', '목': '09:00 ~ 22:00', '금': '09:00 ~ 22:00'}"
삼익약국,5.0,동대문구 회기로29길 35 1층,,"[{'작성자': '자유로운여행', '별점': '5.0', '날짜': '2024.04.20.', '내용': '노 약사님 혼자 운영하시는데 친절하시고 가격대도 타 약국에 비해 저렴합니다.\n주변에 안사는데도 약국용 약살때는 꼭이곳으로가게 돠네요:)', '좋아요': '1'}, {'작성자': '천도복숭아', '별점': '5.0', '날짜': '2023.10.01.', '내용': '개미약 사러 갔는데 다른 곳에 비해 저렴하고 좋았습니다 집 근처에 좋은 약국이 있어서 좋아요~', '좋아요': '1'}, {'작성자': '먹', '별점': '5.0', '날짜': '2023.07.15.', '내용': '약사님 친절하시고 좋았습니다!', '좋아요': '0'}]","{'토': '09:00 ~ 22:00', '일': '휴무일', '월': '09:00 ~ 22:00', '화': '09:00 ~ 22:00', '수': '09:00 ~ 22:00', '목': '09:00 ~ 22:00', '금': '09:00 ~ 22:00', '휴무일': '매주 일요일'}"
메디컬우리약국,0.0,동대문구 휘경로 43 1층,,"[{'작성자': '', '별점': '', '날짜': '', '내용': ' ', '좋아요': '0'}]","{'토': '09:00 ~ 19:00', '월': '09:00 ~ 20:00', '화': '09:00 ~ 20:00', '수': '09:00 ~ 20:00', '목': '09:00 ~ 20:00', '금': '09:00 ~ 20:00'}"
명약국,3.7,동대문구 망우로18나길 3 1층,,"[{'작성자': '혜성', '별점': '1.0', '날짜': '2021.06.05.', '내용': '소액인데 현금 없어서 카드로 결제 했더니 카드 던짐 ㅋ', '좋아요': '0'}, {'작성자': '김지영', '별점': '5.0', '날짜': '2020.08.11.', '내용': '친절하세요', '좋아요': '0'}, {'작성자': '이윤지', '별점': '5.0', '날짜': '2020.06.08.', '내용': '한약을 잘 지어주세요', '좋아요': '0'}]","{'토': '10:00 ~ 19:00', '월': '09:00 ~ 20:00', '화': '09:00 ~ 20:00', '수': '09:00 ~ 20:00', '목': '09:00 ~ 20:00', '금': '09:00 ~ 20:00'}"
한가람약국,3.0,동대문구 망우로 77 1층,,"[{'작성자': '의성마늘', '별점': '5.0', '날짜': '2023.12.24.', '내용': '휴일에 전화하니까 영업 마감 임박시감이었는데도 그냥 얼른 오라고 하셨어요..감사합니다', '좋아요': '0'}]","{'일': '09:00 ~ 20:30', '월': '09:00 ~ 20:30', '화': '09:00 ~ 20:30', '수': '09:00 ~ 20:30', '목': '09:00 ~ 20:30', '금': '09:00 ~ 20:30'}"
메디칼갑산약국,4.3,동대문구 망우로 123 1층,,"[{'작성자': '.', '별점': '5.0', '날짜': '2025.03.02.', '내용': 'ㄹㅈㄷ급 친절', '좋아요': '0'}, {'작성자': '오마이갓 쒯더뻑', '별점': '1.0', '날짜': '2024.02.21.', '내용': '별 1개 주는것도 싫으네요..\n통화할때 왜이리 말투가 싸가지가 없는지...\n명령조로 말해서 ... 더보기', '좋아요': '0'}, {'작성자': '선주', '별점': '5.0', '날짜': '2023.04.20.', '내용': '약사선생님 정말 친절하세요!! 다른 약국에서 복용법은 대충은 아니더라도 되게 간단하게 설명해주시는데 여기 약사선생님은 빠르지만 잘 알아듣고 이해가 쉽게 알려주세요!', '좋아요': '0'}]","{'토': '09:00 ~ 14:00', '일': '09:00 ~ 17:00', '월': '09:00 ~ 19:00', '화': '09:00 ~ 19:00', '수': '09:00 ~ 19:00', '목': '09:00 ~ 19:00', '금': '09:00 ~ 19:00'}"
신종로사약국,0.0,동대문구 휘경로 47 1층,,"[{'작성자': '', '별점': '', '날짜': '', '내용': ' ', '좋아요': '0'}]","{'토': '09:00 ~ 17:00', '월': '09:00 ~ 20:00', '화': '09:00 ~ 20:00', '수': '09:00 ~ 20:00', '목': '09:00 ~ 20:00', '금': '09:00 ~ 20:00'}"
경희자연한약국,0.0,"동대문구 망우로 35 휘경제이스카이아파트 상가 B103,B104호",,"[{'작성자': '', '별점': '', '날짜': '', '내용': ' ', '좋아요': '0'}]","{'토': '09:30 ~ 13:00', '월': '09:30 ~ 18:30', '화': '09:30 ~ 18:30', '수': '09:30 ~ 18:30', '목': '09:30 ~ 18:30', '금': '09:30 ~ 18:30'}"
영림약국,4.0,동대문구 망우로21길 16 1층,//img1.kakaocdn.net/cthumb/local/C544x408.q50/?fname=http%3A%2F%2Ft1.daumcdn.net%2Flocal%2FkakaomapPhoto%2Freview%2Fe617271f57cdf1f065f37fea826afc5c4f940e02%3Foriginal,"[{'작성자': 'RED', '별점': '5.0', '날짜': '2024.03.17.', '내용': '직원들이 친절하고 약이 맛있습니다\n제품 정리도 깔끔해서 물건 고르기 쉬웠어요', '좋아요': '0'}, {'작성자': '생양파', '별점': '5.0', '날짜': '2024.03.15.', '내용': '정리가 잘 되어 물건 찾기 쉽고 직원분이 친절해요😁', '좋아요': '0'}, {'작성자': 'lgj022', '별점': '5.0', '날짜': '2024.03.15.', '내용': '약국안의 물품이 깔끔하게 정리되어 있어 깨끗해 보여요!', '좋아요': '1'}]","{'토': '09:00 ~ 15:00', '월': '09:00 ~ 19:30', '화': '09:00 ~ 19:30', '수': '09:00 ~ 19:30', '목': '09:00 ~ 19:30', '금': '09:00 ~ 19:30', '휴무일': '공휴일'}"
중량약국,0.0,동대문구 망우로 131,,"[{'작성자': '', '별점': '', '날짜': '', '내용': ' ', '좋아요': '0'}]","{'일': '08:30 ~ 15:00', '월': '08:30 ~ 18:30', '화': '08:30 ~ 18:30', '수': '08:30 ~ 18:30', '목': '08:30 ~ 18:30', '금': '08:30 ~ 18:30'}"
인애약국,5.0,동대문구 휘경로 60 휘경SK뷰아파트 101동 상가동 104호,//img1.kakaocdn.net/cthumb/local/C280x280.q50/?fname=http%3A%2F%2Ft1.daumcdn.net%2Flocal%2FkakaomapPhoto%2Freview%2Fc7d14025359bf4360786a87954ff7cf6ab9f4468%3Foriginal,"[{'작성자': '도라란', '별점': '5.0', '날짜': '2024.05.27.', '내용': '약사님이 정말 친절하세요! 복약지도도 상세하게 잘 해주시는데 무엇보다 정말 너무너무 친절하셔서 약국 들어가서 나오자마자 싸악 낫는 것 같은 기분이었습니다 ㅎㅎ', '좋아요': '0'}, {'작성자': '망고미', '별점': '5.0', '날짜': '2024.05.11.', '내용': '엄청 친절하세요!!!', '좋아요': '0'}]","{'토': '09:00 ~ 17:00', '월': '09:00 ~ 19:30', '화': '09:00 ~ 19:30', '수': '09:00 ~ 19:30', '목': '09:00 ~ 19:30', '금': '09:00 ~ 19:30'}"
바른손약국,2.7,동대문구 휘경로 34,,"[{'작성자': '뚱이', '별점': '5.0', '날짜': '2022.11.04.', '내용': '밤늦게까지 프리하게 운영해주시는 약사님 덕에 언제나 만족..ㅎㅎ', '좋아요': '0'}, {'작성자': 'cana', '별점': '5.0', '날짜': '2022.08.16.', '내용': '늦은시각에 퇴근준비중이신거 같던데 급하게 연고 하나 샀는데 지역사랑상품권 결제라 좀 헤맸는데도 친절하게 대해주셔서 기분좋게 잘 사고 나왔어요', '좋아요': '0'}, {'작성자': '.', '별점': '3.0', '날짜': '2022.03.01.', '내용': ""비꼬는 말투에, 불친절한 태도, 약에 대해 잘 모르는 듯한 모습\n'그건 처방받아 오시면 돼요'\n'그런건 처방받아 오셔야 되지않을까요... 더보기"", '좋아요': '0'}]","{'토': '09:00 ~ 21:00', '월': '09:00 ~ 22:00', '화': '09:00 ~ 22:00', '수': '09:00 ~ 22:00', '목': '09:00 ~ 22:00', '금': '09:00 ~ 22:00'}"
중랑약국,0.0,동대문구 망우로 131,,"[{'작성자': '', '별점': '', '날짜': '', '내용': ' ', '좋아요': '0'}]",{}
수원외탕전실,0.0,동대문구 망우로 35 휘경제이스카이아파트 1층 상가 B103호,,"[{'작성자': '', '별점': '', '날짜': '', '내용': ' ', '좋아요': '0'}]",{}
자연약국,4.7,동대문구 휘경로 31 1층,//img1.kakaocdn.net/cthumb/local/C544x408.q50/?fname=http%3A%2F%2Ft1.kakaocdn.net%2Fmystore%2F1724F3D17D70445BB246EFEBD1005538,"[{'작성자': 'yummy', '별점': '5.0', '날짜': '2024.10.07.', '내용': '약사님 너무너무 친절하세요 😭😭😭\n회기 쪽에 처방전 안받는 약국이 많아 아픈 몸으로 엄청 돌아다녔는데 늦게까지 열어주시구 ,,, 전화로 문의했... 더보기', '좋아요': '0'}, {'작성자': '김인태', '별점': '5.0', '날짜': '2024.03.09.', '내용': '친절해요!', '좋아요': '0'}, {'작성자': 'K.D.G', '별점': '4.0', '날짜': '2022.12.11.', '내용': '친절해요\n접수하는  분도 약사님도 ㅡ', '좋아요': '0'}]","{'토': '09:00 ~ 16:00', '월': '09:00 ~ 22:30', '화': '09:00 ~ 22:30', '수': '09:00 ~ 22:30', '목': '09:00 ~ 22:30', '금': '09:00 ~ 22:30'}"
킴스팜대보약국,5.0,동대문구 휘경로3길 4 이문동빌딩 1층,,"[{'작성자': '.', '별점': '5.0', '날짜': '2023.12.14.', '내용': '약사님과 직원님이 친절하세요~', '좋아요': '0'}]","{'토': '09:00 ~ 16:00', '월': '09:00 ~ 19:00', '화': '09:00 ~ 19:00', '수': '09:00 ~ 19:00', '목': '09:00 ~ 19:00', '금': '09:00 ~ 19:00'}"
엄마약국,5.0,동대문구 휘경로 15 4층 402호,,"[{'작성자': '스마일', '별점': '5.0', '날짜': '2024.08.22.', '내용': '너무 친절하세요~', '좋아요': '0'}, {'작성자': '후기남기기는 재밌찡', '별점': '5.0', '날짜': '2023.10.05.', '내용': '약사님 친절굿굿\n좋아요좋아요', '좋아요': '0'}]","{'토': '09:00 ~ 14:00', '월': '09:00 ~ 18:30', '화': '09:00 ~ 18:30', '수': '09:00 ~ 18:30', '목': '09:00 ~ 18:30', '금': '09:00 ~ 18:30'}"
온율약국,0.0,동대문구 휘경로 13 1층 102호,//img1.kakaocdn.net/cthumb/local/C544x408.q50/?fname=https%3A%2F%2Fpostfiles.pstatic.net%2FMjAyNDAzMThfNTIg%2FMDAxNzEwNzUxMjcyMzIw.VljlCF36E2dunS7_URSu9Eqsk_M3JtfrRFxtD9Acngog.ECGDuOEyiJ74xkjzWL7EVYugEpkpT0VGWhPyE1j9iecg.JPEG%2FSE-d2f5faec-86d3-4a3a-a175-379881c496e9.jpg%3Ftype%3Dw966,"[{'작성자': '', '별점': '', '날짜': '', '내용': ' ', '좋아요': '0'}]","{'토': '08:30 ~ 15:00', '일': '09:00 ~ 13:00', '월': '08:30 ~ 20:00', '화': '08:30 ~ 19:00', '수': '08:30 ~ 19:00', '목': '08:30 ~ 19:00', '금': '08:30 ~ 20:00'}"
외대조은약국,3.3,동대문구 휘경로 10 1층,,"[{'작성자': 'PSJ', '별점': '5.0', '날짜': '2025.04.01.', '내용': '남자약사분 친절하게 복용법알려주세요!!', '좋아요': '0'}, {'작성자': '♣️', '별점': '1.0', '날짜': '2025.03.29.', '내용': '비쌈.', '좋아요': '0'}, {'작성자': 'andor', '별점': '1.0', '날짜': '2025.03.25.', '내용': '친절한 분과 불친절한 분이 따로있어요. 주로 불친절한 분이 계시고 항상 필요 이상의 약을 추천해줍니다. 뭣모르고 카드부터 꽂으면 타 약국보다 두배 이상 결제하고 나오게 됩니다. 늦게까지 영업하는 것... 더보기', '좋아요': '0'}]","{'토': '09:00 ~ 24:00', '월': '09:00 ~ 24:00', '화': '09:00 ~ 24:00', '수': '09:00 ~ 24:00', '목': '09:00 ~ 24:00', '금': '09:00 ~ 24:00', '휴무일': '연중무휴'}"
기쁜약국,1.7,동대문구 이문로 88 민족통일대통령빌딩 1층 103호,,"[{'작성자': '올리브', '별점': '1.0', '날짜': '2024.07.15.', '내용': '손님한테 반말하고 불친절하세요\n일회용과 다회용 인공눈물 가격을 물어봤는데 대답을 계속 안해주시고 결국 뭘 원하냐면서 자기는 가격알려주는 사람이 아니라고 하시네요', '좋아요': '0'}, {'작성자': '7월 긔여미', '별점': '1.0', '날짜': '2024.04.13.', '내용': '비급여 약 엄~청 비싸게 팝니다.', '좋아요': '0'}, {'작성자': '니싼', '별점': '1.0', '날짜': '2023.11.21.', '내용': '개비쌈', '좋아요': '0'}]","{'토': '09:00 ~ 13:00', '월': '09:00 ~ 18:00', '화': '09:00 ~ 18:00', '수': '09:00 ~ 18:00', '목': '09:00 ~ 18:00', '금': '09:00 ~ 18:00'}"
퓨리메드,0.0,동대문구 이문로 86,,"[{'작성자': '', '별점': '', '날짜': '', '내용': ' ', '좋아요': '0'}]",{}
사랑드림약국,5.0,동대문구 이문로 83 1층,,"[{'작성자': '718', '별점': '5.0', '날짜': '2025.03.21.', '내용': '엄청 친절하세요\n더 가까운 약국 많은데도 여기로 옵니다', '좋아요': '0'}, {'작성자': '나야나', '별점': '5.0', '날짜': '2025.01.09.', '내용': '약사님이 진짜 착하시고 친절하십니다. 다른 데보다 약값도 싸요.', '좋아요': '0'}, {'작성자': '블루캣', '별점': '5.0', '날짜': '2024.10.29.', '내용': '근방에 매약끼워팔기 혈안이거나 불친절한 약국 천지인데 이곳만은 정상적인 약사선생님이 운영중', '좋아요': '0'}]","{'토': '09:00 ~ 15:00', '월': '09:00 ~ 19:30', '화': '09:00 ~ 19:30', '수': '09:00 ~ 19:30', '목': '09:00 ~ 19:30', '금': '09:00 ~ 19:30'}"
온누리신용약국,0.0,중랑구 중랑천로 114-1 1층,,"[{'작성자': '', '별점': '', '날짜': '', '내용': ' ', '좋아요': '0'}]","{'토': '10:30 ~ 20:00', '월': '10:30 ~ 20:00', '화': '10:30 ~ 20:00', '수': '10:30 ~ 20:00', '목': '10:30 ~ 20:00', '금': '10:30 ~ 20:00'}"
하나로약국,3.0,중랑구 망우로 192,,"[{'작성자': '프수', '별점': '3.0', '날짜': '2024.11.10.', '내용': '약봉지에 아침, 점심, 저녁이 안써있어 불편.', '좋아요': '0'}]",{}
미래로약국,3.4,동대문구 이문로 114 한국외국어대학교 글로벌홀 1층,,"[{'작성자': 'jinny24', '별점': '1.0', '날짜': '2025.03.25.', '내용': '목감기약만 사려고 갔는데 약3개를 주셔서 11000원\n나왔네요.. 차라리 병원을 갈걸 그랬어요\n학생분들 조심하시... 더보기', '좋아요': '0'}, {'작성자': '718', '별점': '1.0', '날짜': '2025.02.16.', '내용': '반말 기분잡침', '좋아요': '0'}, {'작성자': '엄용이', '별점': '5.0', '날짜': '2024.11.30.', '내용': '친절하게 설명해주셔서 감사합니다.^^', '좋아요': '0'}]","{'월': '09:00 ~ 19:00', '화': '09:00 ~ 19:00', '수': '09:00 ~ 19:00', '목': '09:00 ~ 19:00', '금': '09:00 ~ 19:00'}"
하늘약국,0.0,중랑구 망우로 198 1층,,"[{'작성자': '', '별점': '', '날짜': '', '내용': ' ', '좋아요': '0'}]","{'토': '09:00 ~ 14:00', '월': '09:00 ~ 19:00', '화': '09:00 ~ 21:00', '수': '09:00 ~ 19:00', '목': '09:00 ~ 19:00', '금': '09:00 ~ 21:00'}"
튼튼약국,5.0,동대문구 이문동 291-12 1층,//img1.kakaocdn.net/cthumb/local/C544x408.q50/?fname=http%3A%2F%2Ft1.kakaocdn.net%2Fmystore%2FC3B59C84E68E4E2C86F8CEE059E5CA41,"[{'작성자': '꼬막', '별점': '5.0', '날짜': '2024.12.09.', '내용': '친절하세요!', '좋아요': '0'}, {'작성자': '아하나라', '별점': '5.0', '날짜': '2024.09.26.', '내용': '친절하고 깨끗해서 좋아요~', '좋아요': '0'}]","{'토': '09:00 ~ 13:10', '일': '휴무일', '월': '09:00 ~ 18:10', '화': '09:00 ~ 18:10', '수': '09:00 ~ 18:10', '목': '09:00 ~ 18:10', '금': '09:00 ~ 18:10', '휴무일': '공휴일'}"
은혜당약국,4.3,중랑구 망우로32길 49,,"[{'작성자': '불친절참교육', '별점': '5.0', '날짜': '2024.06.14.', '내용': '친절하시고 부드러우신 약사 쌤^^', '좋아요': '0'}, {'작성자': 'R', '별점': '5.0', '날짜': '2022.09.03.', '내용': '친절하세요', '좋아요': '0'}]","{'토': '09:00 ~ 20:30', '일': '휴무일', '월': '09:00 ~ 20:30', '화': '09:00 ~ 20:30', '수': '09:00 ~ 20:30', '목': '09:00 ~ 20:30', '금': '09:00 ~ 20:30', '휴무일': '매주 일요일'}"
오래하는약국,4.0,동대문구 이문로9길 105-13 T1 1층,//img1.kakaocdn.net/cthumb/local/C544x408.q50/?fname=http%3A%2F%2Ft1.kakaocdn.net%2Ffiy_reboot%2Fplace%2FFB89DCE499C3467E8F2E7A8743133F2D,"[{'작성자': '이동현', '별점': '5.0', '날짜': '2024.11.12.', '내용': '약사님이 친절하십니다', '좋아요': '0'}, {'작성자': '수비니', '별점': '1.0', '날짜': '2024.11.05.', '내용': '장위동에는 야간약국이없어서 여길가게됫는데 애기가 어떻게자리투를먹습니까?먹지도못하고 오늘소아과에다녀왔네요 제발 애기들비상약좀구비해두세요', '좋아요': '0'}, {'작성자': '흠냐륑.', '별점': '5.0', '날짜': '2024.10.15.', '내용': '약사님 친절하셔요!!! 감기 몸살이랬는데 다른 증상 있는지 꼼꼼히 확인해주시고, 필요한 약만 권해주세요! 눈빛에서 걱정하시는 게 느껴지는 진정성 있는 약국이었습니다', '좋아요': '0'}]","{'토': '10:00 ~ 23:00', '일': '10:00 ~ 23:00', '월': '08:00 ~ 23:00', '화': '08:00 ~ 23:00', '수': '08:00 ~ 23:00', '목': '08:00 ~ 23:00', '금': '08:00 ~ 23:00'}"
스타약국,5.0,중랑구 망우로 216 1층,//img1.kakaocdn.net/cthumb/local/C544x408.q50/?fname=https%3A%2F%2Fpostfiles.pstatic.net%2FMjAyMzA4MDhfMjAg%2FMDAxNjkxNDU4NzU4NjY0.i6Uill80DFzw9v6uII_tAuWUTrMyblg5CHKndJBezH4g.mgPArtbshhD20q6GPwmk6BE2Ykz2YPc5ytsjy-fI8Lgg.JPEG.petnpharm%2FSE-62e5e646-a7a4-4a8b-be42-52e8f27f3580.jpg%3Ftype%3Dw773,"[{'작성자': '솔찌-익함니다', '별점': '5.0', '날짜': '2023.10.17.', '내용': '정말 친절하시고 약값도 다른곳보다 저렴해요. 정말정말 친절해요ㅠㅠ 버스타고 일부러 여기 찾아와요.', '좋아요': '0'}, {'작성자': '찰칵', '별점': '5.0', '날짜': '2023.09.26.', '내용': '자세한 설명과 약사님들 친절하세요', '좋아요': '0'}, {'작성자': '찬이', '별점': '5.0', '날짜': '2023.07.17.', '내용': '약사님이 친절하시고 설명을 잘 해주세요~', '좋아요': '0'}]","{'토': '09:00 ~ 14:00', '월': '09:00 ~ 19:00', '화': '09:00 ~ 19:00', '수': '09:00 ~ 19:00', '목': '09:00 ~ 19:00', '금': '09:00 ~ 19:00'}"
엔파트약국,2.4,"중랑구 망우로 203 2층 203,204호",,"[{'작성자': 'clare', '별점': '2.0', '날짜': '2024.08.20.', '내용': '대기가 길어도 너무 길어요\n손이 느리신건지 사람이 부족한건지\n근처에 ... 더보기', '좋아요': '0'}, {'작성자': 'is', '별점': '1.0', '날짜': '2024.03.18.', '내용': '예전에 일하시던 분들은 안그랬는데 뭐 물어보면 귀찮듯이 짜증내고  왕 불친절 합니다.', '좋아요': '1'}, {'작성자': '봄', '별점': '1.0', '날짜': '2024.02.05.', '내용': '약국에 이렇게 줄 서본 건 처음', '좋아요': '0'}]","{'토': '09:00 ~ 15:00', '일': '09:00 ~ 13:00', '월': '09:00 ~ 19:00', '화': '09:00 ~ 19:00', '수': '09:00 ~ 19:00', '목': '09:00 ~ 19:00', '금': '09:00 ~ 19:00'}"
이문메디칼약국,5.0,동대문구 이문로 131 삼일퍼스탑 1층,,"[{'작성자': '최요셉', '별점': '5.0', '날짜': '2024.05.03.', '내용': '친절하게 대해주시고 꼼꼼히 설명해주셔서 감사합니다.', '좋아요': '0'}, {'작성자': 'chou', '별점': '5.0', '날짜': '2023.09.12.', '내용': '약사님께서 복약지도도 잘 해주시고 친절하세요', '좋아요': '0'}, {'작성자': '신재우', '별점': '5.0', '날짜': '2019.02.20.', '내용': '약사님이 친절하시고 꼼꼼하십니다', '좋아요': '0'}]","{'토': '09:00 ~ 16:00', '일': '휴무일', '월': '09:00 ~ 18:00', '화': '09:00 ~ 18:00', '수': '09:00 ~ 18:00', '목': '09:00 ~ 18:00', '금': '09:00 ~ 18:00', '휴무일': '매주 일요일'}"
한신약국,5.0,중랑구 동일로101길 63,,"[{'작성자': '지드래곰', '별점': '5.0', '날짜': '2024.04.29.', '내용': '약사님께서 완전 FM.', '좋아요': '0'}]","{'토': '09:00 ~ 20:00', '월': '09:00 ~ 22:00', '화': '09:00 ~ 22:00', '수': '09:00 ~ 22:00', '목': '09:00 ~ 22:00', '금': '09:00 ~ 22:00'}"
가나안약국,4.5,중랑구 봉우재로 39 1층,,"[{'작성자': '지드래곰', '별점': '5.0', '날짜': '2024.01.27.', '내용': '친절하고 서비스도 가끔 주는 큰약국~~^^', '좋아요': '0'}]",{}
이문태평양약국,3.0,동대문구 이문로 130 1층,//img1.kakaocdn.net/cthumb/local/C1104x408.q50/?fname=http%3A%2F%2Ft1.daumcdn.net%2Flocalfiy%2F59DEB33404B941F792A7011277E6758B,"[{'작성자': '이미숙', '별점': '5.0', '날짜': '2025.01.07.', '내용': '허리통증으로  처방받아  방문했는데  약복용과 운동을  통해 좋아질수 있다는 자세한설명과  평상시 자세가 중요하다는 약사닝의  친절함에 다음에도  방문해야겠어요ㆍ', '좋아요': '0'}, {'작성자': '대비마마', '별점': '5.0', '날짜': '2025.01.07.', '내용': '갑자기 몸살기 있는데\n\n처방받을 시간이 없어\n아픈 곳 ... 더보기', '좋아요': '0'}, {'작성자': '.', '별점': '5.0', '날짜': '2024.12.18.', '내용': '평소에 다니는데 종류가 다양하고 추천해주시는 약들이 효과가 좋아요 굿~:)', '좋아요': '0'}]","{'토': '09:00 ~ 13:00', '월': '09:00 ~ 19:00', '화': '09:00 ~ 19:00', '수': '09:00 ~ 19:00', '목': '09:00 ~ 19:00', '금': '09:00 ~ 19:00'}"
세화당약국,3.1,중랑구 중랑역로 21,//img1.kakaocdn.net/cthumb/local/C1104x408.q50/?fname=https%3A%2F%2Fblog.kakaocdn.net%2Fdn%2FkLMmv%2FbtsEHqLNp4H%2Flam5Ty7uf3GKhmEDEsBPzk%2Fimg.png,"[{'작성자': '스드스', '별점': '1.0', '날짜': '2024.08.13.', '내용': '카드안됨주의', '좋아요': '0'}, {'작성자': 'd', '별점': '1.0', '날짜': '2024.03.07.', '내용': '카드 안 되는 약국은 처음 보네', '좋아요': '0'}, {'작성자': 'ㅈㅈㅈㅇㄴ', '별점': '5.0', '날짜': '2023.05.11.', '내용': '친절해서 좋아요!!! 사장님 짱짱', '좋아요': '0'}]",{}
메디약국,0.0,동대문구 회기로 173 1층,,"[{'작성자': '', '별점': '', '날짜': '', '내용': ' ', '좋아요': '0'}]","{'토': '09:00 ~ 13:00', '월': '09:00 ~ 18:00', '화': '09:00 ~ 18:00', '수': '09:00 ~ 18:00', '목': '09:00 ~ 18:00', '금': '09:00 ~ 18:00'}"
감초당온누리약국,5.0,동대문구 한천로 242 1층,,"[{'작성자': 'ㄹㄹㄹ', '별점': '5.0', '날짜': '2023.05.06.', '내용': '약사님 친절하시고 복약지도 잘 해주세요', '좋아요': '0'}, {'작성자': 'RB', '별점': '5.0', '날짜': '2023.01.28.', '내용': '친절해요~^^', '좋아요': '0'}]","{'토': '09:00 ~ 13:00', '월': '09:00 ~ 19:00', '화': '09:00 ~ 19:00', '수': '09:00 ~ 19:00', '목': '09:00 ~ 19:00', '금': '09:00 ~ 19:00'}"
외대김약국,1.0,동대문구 이문로 125 더메디칼빌딩 1층,,"[{'작성자': '', '별점': '', '날짜': '', '내용': ' ', '좋아요': '0'}]","{'토': '09:00 ~ 13:00', '월': '08:30 ~ 18:30', '화': '08:30 ~ 18:30', '수': '08:30 ~ 18:30', '목': '08:30 ~ 18:30', '금': '08:30 ~ 18:30'}"
경희메디칼약국,2.5,동대문구 경희대로 24 1층,,"[{'작성자': '맛도리', '별점': '5.0', '날짜': '2024.04.15.', '내용': '약사님 되게 전문적이시고, 양심적이십니다. 단호하게 필요한 처방과 도움이 되는 처치를 알려주셔서 덕분에 걱정 덜고 편안한 마음으로 귀가했습니다! 몸이 아파서 걱정이 많은 환자 입장에서,... 더보기', '좋아요': '0'}, {'작성자': '닉네임', '별점': '1.0', '날짜': '2024.03.13.', '내용': '처방 잘 못해주고 전화는 5시반부터 계속 안받고\n여기는 20시 30분까지라고 되어있어서 찾아갔더니\n... 더보기', '좋아요': '0'}, {'작성자': '날개', '별점': '3.0', '날짜': '2020.12.04.', '내용': '친절해요.', '좋아요': '0'}]","{'토': '09:00 ~ 14:30', '월': '09:00 ~ 19:30', '화': '09:00 ~ 20:30', '수': '09:00 ~ 20:30', '목': '09:00 ~ 18:30', '금': '09:00 ~ 18:30'}"
경희정문약국,5.0,동대문구 경희대로 22-1 1층,,"[{'작성자': '현성', '별점': '5.0', '날짜': '2024.02.23.', '내용': '약사님 친절하고 설명 잘해주셔서 좋습니다.', '좋아요': '0'}, {'작성자': 'w', '별점': '5.0', '날짜': '2022.03.08.', '내용': '감사합니다', '좋아요': '0'}]","{'토': '09:00 ~ 13:00', '일': '휴무일', '월': '08:30 ~ 18:30', '화': '08:30 ~ 18:30', '수': '08:30 ~ 18:30', '목': '08:30 ~ 18:30', '금': '08:30 ~ 18:30', '휴무일': '매주 일요일'}"
새싹약국,3.0,동대문구 이문로 136 웰츠타워 1층 109호,,"[{'작성자': '우유유유', '별점': '1.0', '날짜': '2025.01.02.', '내용': '불친절하고 조제가 느려서 일부러 조금 더 먼 약국 이용하고 있습니다.', '좋아요': '0'}, {'작성자': 'boomdeyada', '별점': '5.0', '날짜': '2024.05.06.', '내용': '선생님이 친절하십니다.', '좋아요': '0'}]","{'토': '09:00 ~ 13:00', '월': '09:00 ~ 21:00', '화': '09:00 ~ 21:00', '수': '09:00 ~ 21:00', '목': '09:00 ~ 21:00', '금': '09:00 ~ 21:00'}"
경희중앙약국,5.0,"동대문구 경희대로 19-9 지하1층, 1층",,"[{'작성자': '비단터', '별점': '5.0', '날짜': '2023.10.13.', '내용': '약사분들 친절하고 약값도 저렴한거 같아요~', '좋아요': '0'}, {'작성자': '진찬영', '별점': '5.0', '날짜': '2023.03.17.', '내용': '경희대병원 입원환자 보호자로 있는데 귀저기사러 갈때마다 데스크에 계신 약사분들 및 직원분들 모두 엄청 친절하시고 응대가 나이스하십니다 특히 안경쓰고 젊으신 남성약사분 성의있고 친절해요 퇴원... 더보기', '좋아요': '1'}, {'작성자': 'slt', '별점': '5.0', '날짜': '2022.11.28.', '내용': '약사분들 짱 친절하셔요\n근처 약국 중에서 여기만 다닐래요', '좋아요': '1'}]","{'토': '08:30 ~ 13:30', '일': '휴무일', '월': '08:30 ~ 18:30', '화': '08:30 ~ 18:30', '수': '08:30 ~ 18:30', '목': '08:30 ~ 18:30', '금': '08:30 ~ 18:30', '휴무일': '공휴일'}"
인제약국,5.0,중랑구 망우로 214 1층,,"[{'작성자': '탄산수', '별점': '5.0', '날짜': '2024.08.22.', '내용': '여자 약사님도 진짜 친절하심 감기걸렸다고 하니까 처방받은 약에도 감기 증상 완화시켜주는 성분 있다고 어떻게 먹으면 된다고 설명해주시고, 안약에 스테로이드 성분 있으니까 10일 넘으면 안과의사한테 ... 더보기', '좋아요': '0'}, {'작성자': '푸니', '별점': '5.0', '날짜': '2022.11.27.', '내용': '친절하세요 약사님\n설명도 잘해주심', '좋아요': '0'}, {'작성자': '고양이', '별점': '5.0', '날짜': '2021.07.21.', '내용': '여기대박 약사아저씨 처방받은약 기능과 효능에 대해서 꼭 설명해주신다 또 질문하면 상세히 대답해줌 엄청친절 이런곳 처음봄 젊은 약사들 싸가지없이 그냥 무성의하게 돈만받고 턱 하고 약 주는데 여기 약사 아저씬 진정한 약사인든..', '좋아요': '2'}]","{'토': '09:00 ~ 16:00', '일': '휴무일', '월': '09:00 ~ 19:00', '화': '09:00 ~ 19:00', '수': '09:00 ~ 19:00', '목': '09:00 ~ 19:00', '금': '09:00 ~ 19:00', '휴무일': '매주 일요일'}"
태릉프라자약국,2.5,중랑구 중랑역로 51 1층,,"[{'작성자': 'ㅇㅈ', '별점': '4.0', '날짜': '2025.01.09.', '내용': '아이드롭 5,000원', '좋아요': '0'}, {'작성자': '루나', '별점': '1.0', '날짜': '2023.09.11.', '내용': '소아과밑에있어서 어쩔수없이 오는데\n아기 유모차 타고있는데 넓은 입구쪽에서 약설명하는게 아니라 맨날 구석진곳까지 오라고해서 설명하고요\n병원에서 약... 더보기', '좋아요': '0'}]","{'토': '08:30 ~ 20:00', '일': '휴무일', '월': '08:30 ~ 20:00', '화': '08:30 ~ 20:00', '수': '08:30 ~ 20:00', '목': '08:30 ~ 20:00', '금': '08:30 ~ 20:00', '휴무일': '매주 일요일'}"
장수약국,5.0,동대문구 이문로 135 아정오피스텔 1층 105호,//img1.kakaocdn.net/cthumb/local/C1104x408.q50/?fname=http%3A%2F%2Ft1.kakaocdn.net%2Fmystore%2F00B5DBB35AC54A349D91CACBB732524A,"[{'작성자': '배고파', '별점': '5.0', '날짜': '2025.03.19.', '내용': '진짜 친절하세요,, 약국에 가는데 기분 좋아져요', '좋아요': '0'}, {'작성자': '.', '별점': '5.0', '날짜': '2023.11.30.', '내용': '너무너무 친절하세요ㅠㅠ', '좋아요': '0'}, {'작성자': '무민', '별점': '5.0', '날짜': '2023.04.10.', '내용': '젊으신 여자 약사님 진짜 너무너무 친절하시고, 주의사항이나 팁도 알려주셔서 덕분에 빨리 나았어요. 감사합니다 번창하세요~^^', '좋아요': '1'}]","{'토': '09:00 ~ 13:10', '월': '09:00 ~ 18:10', '화': '09:00 ~ 18:10', '수': '09:00 ~ 18:10', '목': '09:00 ~ 18:10', '금': '09:00 ~ 18:10'}"
경희동문약국,4.5,동대문구 경희대로 19 1층,//img1.kakaocdn.net/cthumb/local/C1104x408.q50/?fname=http%3A%2F%2Ft1.daumcdn.net%2Flocal%2FkakaomapPhoto%2Freview%2F7397dd3e1842ce4a335a6392b945a7994cdb3b98%3Foriginal,"[{'작성자': '뀨', '별점': '5.0', '날짜': '2024.01.15.', '내용': '경희의료원 근처 약국 중 최고예요 남자약사분께 증상말하면 약 주시는데 진짜 잘 챙겨주세요 증상도 자세히 더 물어본 다음 맞춰주시는데 사랑니 빼고 5일동안 아프고 붓기 오지는거 약사님 덕분에 바로 붓기 빠지고 밥도 제대로 먹을 수 있었어요', '좋아요': '0'}, {'작성자': '3연김', '별점': '4.0', '날짜': '2023.12.25.', '내용': '들어갈 때 기계적으로 하는 인사를 기분나쁜 독특한 말투로 하셔서 조금 당황했지만 그 외에는 그냥 약국이었다. 조금 넓어서 앉을 자리가 많았다.', '좋아요': '0'}]","{'토': '09:00 ~ 13:00', '일': '휴무일', '월': '09:00 ~ 20:00', '화': '09:00 ~ 20:00', '수': '09:00 ~ 20:00', '목': '09:00 ~ 20:00', '금': '09:00 ~ 20:00', '휴무일': '매주 일요일'}"
보림한약국,0.0,동대문구 이문로1길 25 1층,,"[{'작성자': '', '별점': '', '날짜': '', '내용': ' ', '좋아요': '0'}]","{'토': '10:00 ~ 15:00', '월': '10:00 ~ 21:00', '화': '10:00 ~ 21:00', '수': '10:00 ~ 21:00', '목': '10:00 ~ 21:00', '금': '10:00 ~ 21:00'}"
동성약국,0.0,중랑구 겸재로 84 1층,,"[{'작성자': '', '별점': '', '날짜': '', '내용': ' ', '좋아요': '0'}]","{'토': '10:00 ~ 22:00', '월': '10:00 ~ 22:00', '화': '10:00 ~ 22:00', '수': '10:00 ~ 22:00', '목': '10:00 ~ 22:00', '금': '10:00 ~ 22:00'}"
이웃사랑약국,0.0,동대문구 한천로46길 56-4 부성빌딩 101호,,"[{'작성자': '', '별점': '', '날짜': '', '내용': ' ', '좋아요': '0'}]","{'토': '09:00 ~ 20:00', '월': '09:00 ~ 21:00', '화': '09:00 ~ 21:00', '수': '09:00 ~ 21:00', '목': '09:00 ~ 21:00', '금': '09:00 ~ 21:00'}"
경희고황약국,2.9,"동대문구 경희대로 17 1,2층",,"[{'작성자': 'ㅇㅈㅇ', '별점': '1.0', '날짜': '2023.10.25.', '내용': '최악. \n떡이랑 요구르트는 줬다 안줬다하고 약사 불친절에 돈 받는 사람은 말귀도 못알아듣고 갈때 마다 짜증남 \n재활의학과는 위 아파서 ... 더보기', '좋아요': '1'}, {'작성자': 'Lee', '별점': '1.0', '날짜': '2023.05.24.', '내용': '처방전이 두 개였고 그 중 한 처방에 약이 없다고 함\n그럼 다른데 갈게요 하니까 있다고 함\n10분 기다림\n결국 처방전 하나... 더보기', '좋아요': '4'}, {'작성자': '.', '별점': '1.0', '날짜': '2023.01.10.', '내용': '계산하고 핸드폰 돌려줄 때 그냥 주면 되는 걸 굳이 책상에 던져놓고 알아서 가져가란 듯이 하는 이유는 뭔가요? 약사분은 아닌 것 같은데 불쾌하네요.', '좋아요': '1'}]","{'토': '09:00 ~ 19:00', '일': '휴무일', '월': '08:30 ~ 19:30', '화': '08:30 ~ 19:30', '수': '08:30 ~ 19:30', '목': '08:30 ~ 19:30', '금': '08:30 ~ 19:30', '휴무일': '매주 일요일'}"
푸른약국,3.5,중랑구 봉우재로 40,,"[{'작성자': 'via', '별점': '3.0', '날짜': '2023.05.25.', '내용': '처방조제약 약 설명도 안해주시고 약 안내서도요청하니 그제야 주시네요. 손님 많은 날은 그려려니 했는데, 손님 없어도 응대는 똑같네요.', '좋아요': '0'}]","{'토': '09:00 ~ 19:00', '월': '09:00 ~ 21:00', '화': '09:00 ~ 21:00', '수': '09:00 ~ 21:00', '목': '09:00 ~ 21:00', '금': '09:00 ~ 21:00'}"
덕수약국,1.0,중랑구 중랑역로 33 1층,//img1.kakaocdn.net/cthumb/local/C544x408.q50/?fname=https%3A%2F%2Fpostfiles.pstatic.net%2FMjAyMzA2MDlfOSAg%2FMDAxNjg2MzA1MjUxMzA2.TXKyeHhHopqGvQOmJErZL-9x7ROQYUqH2cEYgq49AAIg.S2EZSnqieD_XSQmzgQ2OumwdBnvA8QF2nzvy1U69gM8g.JPEG.wha168%2F1686305249497.jpg%3Ftype%3Dw773,"[{'작성자': '', '별점': '', '날짜': '', '내용': ' ', '좋아요': '0'}]","{'토': '09:00 ~ 12:00', '월': '09:00 ~ 18:00', '화': '09:00 ~ 18:00', '수': '09:00 ~ 18:00', '목': '09:00 ~ 18:00', '금': '09:00 ~ 18:00'}"
경희우리약국,1.4,"동대문구 경희대로 21 지층, 1,2층",,"[{'작성자': '준', '별점': '1.0', '날짜': '2025.01.08.', '내용': '불친절', '좋아요': '0'}, {'작성자': '3연김', '별점': '4.0', '날짜': '2023.12.25.', '내용': '병원 바로 앞이라서 사람이 계속 들어왔다 나갔다를 반복하네요 처방전 드리고 잠시 기다리면 약을 주십니다 설명도 잘해주셔서 좋았어요', '좋아요': '0'}, {'작성자': 'HJ', '별점': '1.0', '날짜': '2023.10.24.', '내용': '이런 ♪~♪♪별점 받기도 쉽지 않은데\n마이너스 점수가 없는게 아쉬울뿐 ㅉㅉ', '좋아요': '1'}]","{'토': '08:30 ~ 13:00', '일': '휴무일', '월': '08:30 ~ 18:30', '화': '08:30 ~ 18:30', '수': '08:30 ~ 18:30', '목': '08:30 ~ 18:30', '금': '08:30 ~ 18:00', '휴무일': '매주 일요일'}"
푸른솔약국,3.0,"중랑구 봉우재로 66 103,104호",,"[{'작성자': '이찬호', '별점': '1.0', '날짜': '2022.04.09.', '내용': '불친절', '좋아요': '0'}, {'작성자': '김성령', '별점': '5.0', '날짜': '2022.03.16.', '내용': '너무 친절하시네요~\n비대면 진료로 처방받았는데\n설명도 잘해주시고 너무 좋습니다.', '좋아요': '0'}]","{'토': '09:00 ~ 20:00', '월': '09:00 ~ 21:00', '화': '09:00 ~ 21:00', '수': '09:00 ~ 21:00', '목': '09:00 ~ 21:00', '금': '09:00 ~ 21:00'}"
경희온누리약국,0.0,동대문구 경희대로1가길 32,,"[{'작성자': '', '별점': '', '날짜': '', '내용': ' ', '좋아요': '0'}]","{'토': '09:00 ~ 13:00', '일': '휴무일', '월': '08:30 ~ 18:30', '화': '08:30 ~ 18:30', '수': '08:30 ~ 18:30', '목': '08:30 ~ 18:30', '금': '08:30 ~ 18:30', '휴무일': '매주 일요일'}"
늘조은온누리약국,0.0,동대문구 사가정로25길 66 1층,,"[{'작성자': '', '별점': '', '날짜': '', '내용': ' ', '좋아요': '0'}]",{'토': '09:00 ~ 14:00'}
경애약국,3.0,동대문구 한천로46길 42 마루하우스 103호,,"[{'작성자': '^^', '별점': '1.0', '날짜': '2023.11.28.', '내용': '약사는 아주 불친절,같은 동네에 살면서 옛날에 들른 적 있는데 여전히 쌀쌀 맞아요.필요하는 약제 물어봤는데 제 눈을 째려보듯이 한... 더보기', '좋아요': '0'}, {'작성자': '오잉', '별점': '5.0', '날짜': '2023.10.27.', '내용': '다른 약국보다 가격도 좋고 약사님 복약지도 자세하고 친절하시게 알려주세요!☺️', '좋아요': '0'}]","{'토': '09:00 ~ 13:00', '월': '09:00 ~ 18:00', '화': '09:00 ~ 18:00', '수': '09:00 ~ 18:00', '목': '09:00 ~ 18:00', '금': '09:00 ~ 18:00'}"
행복나무한약국,5.0,동대문구 경희대로 6-1 3층,,"[{'작성자': '오밤중', '별점': '5.0', '날짜': '2023.09.08.', '내용': '남자 직원분(사장님?) 언제나 친절하시고 고객 입장을 잘 배려해주세요. 몇 년이 지나도 그대로 성실하셔서, 저도 일할 때 저렇게 해야지 하는 귀감이 됩니다. 한약국 번창하시길 바래요.^^.', '좋아요': '0'}, {'작성자': '왈', '별점': '5.0', '날짜': '2020.05.20.', '내용': '사장님 친절하세요. 3층이어도 이곳에서만 마스크 삽니다.\n번창하시길 바랍니다.', '좋아요': '0'}, {'작성자': '이센', '별점': '5.0', '날짜': '2020.03.14.', '내용': '마스크 사러 갔는데 친절하게 대해주셔서 감사했어요. 한약국이라 한약냄새나서 건강해지는 기분이었어요. 경희문화사 건물 3층에 있어서 처음엔 찾기가 좀 힘들었어요.', '좋아요': '0'}]",{}
이룸약국,0.0,동대문구 한천로58길 47 쌍용아파트상가 1층 101호,,"[{'작성자': '', '별점': '', '날짜': '', '내용': ' ', '좋아요': '0'}]","{'토': '09:00 ~ 14:30', '일': '휴무일', '월': '09:00 ~ 18:30', '화': '09:00 ~ 18:30', '수': '09:00 ~ 18:30', '목': '09:00 ~ 18:30', '금': '09:00 ~ 18:30', '휴무일': '매주 일요일'}"
유경팜,0.0,동대문구 사가정로23가길 11,,"[{'작성자': '', '별점': '', '날짜': '', '내용': ' ', '좋아요': '0'}]",{}
우성약국,5.0,중랑구 동일로 675 1층,,"[{'작성자': '평가왕', '별점': '5.0', '날짜': '2024.03.27.', '내용': '정우성이 운영합니까??', '좋아요': '0'}]","{'토': '09:00 ~ 18:00', '일': '휴무일', '월': '09:00 ~ 20:00', '화': '09:00 ~ 20:00', '수': '09:00 ~ 20:00', '목': '09:00 ~ 20:00', '금': '09:00 ~ 20:00', '휴무일': '매주 일요일'}"
단풍약국,5.0,중랑구 동일로 680 1층,//img1.kakaocdn.net/cthumb/local/C544x408.q50/?fname=http%3A%2F%2Ft1.daumcdn.net%2Flocal%2FkakaomapPhoto%2Freview%2Fb15ff455111df1328901e979e10862447037da3e%3Foriginal,"[{'작성자': 'via', '별점': '5.0', '날짜': '2022.09.19.', '내용': '동네 약국 중에 약사님이 제일 친절하세요. 처방약 설명도 친절히 해주시고.\n지난번에 약 사러갔다가 제가 찾는 약이 없으... 더보기', '좋아요': '0'}]","{'토': '08:30 ~ 15:00', '일': '휴무일', '월': '08:30 ~ 20:00', '화': '08:30 ~ 20:00', '수': '08:30 ~ 20:00', '목': '08:30 ~ 20:00', '금': '08:30 ~ 20:00', '휴무일': '공휴일'}"
새경희약국,5.0,동대문구 경희대로1가길 27 1층,,"[{'작성자': '햄뿡이', '별점': '5.0', '날짜': '2023.07.21.', '내용': '약사님이 짱짱 친절하세요🤍', '좋아요': '0'}, {'작성자': '김정호 개인폰', '별점': '5.0', '날짜': '2022.02.04.', '내용': '너무 친절합니다. 강추드립니다.', '좋아요': '0'}]","{'토': '08:30 ~ 13:30', '일': '휴무일', '월': '08:30 ~ 18:30', '화': '08:30 ~ 18:30', '수': '08:30 ~ 18:30', '목': '08:30 ~ 18:30', '금': '08:30 ~ 18:30', '휴무일': '매주 일요일'}"
고가모니한약국,0.0,동대문구 경희대로3길 10 2층,,"[{'작성자': '', '별점': '', '날짜': '', '내용': ' ', '좋아요': '0'}]","{'토': '09:00 ~ 12:00', '일': '휴무일', '월': '09:00 ~ 18:00', '화': '09:00 ~ 18:00', '수': '09:00 ~ 18:00', '목': '09:00 ~ 18:00', '금': '09:00 ~ 18:00', '휴무일': '매주 일요일'}"
경희제일약국,0.0,동대문구 경희대로 19-5 경희제일약국,//img1.kakaocdn.net/cthumb/local/C544x408.q50/?fname=http%3A%2F%2Ft1.daumcdn.net%2Fcfile%2F211848495677D3922C,"[{'작성자': '', '별점': '', '날짜': '', '내용': ' ', '좋아요': '0'}]","{'토': '09:00 ~ 13:00', '일': '휴무일', '월': '09:00 ~ 18:00', '화': '09:00 ~ 18:00', '수': '09:00 ~ 18:00', '목': '09:00 ~ 18:00', '금': '09:00 ~ 18:00', '휴무일': '공휴일'}"
더나은약국,1.0,중랑구 동일로 641,//img1.kakaocdn.net/cthumb/local/C544x408.q50/?fname=https%3A%2F%2Fpostfiles.pstatic.net%2FMjAyMzA3MjZfMTMz%2FMDAxNjkwMzU5MTU2OTY2.8wL5tYkI8tBAIevDk1NLsSVDmNbUftYvBZiLmmrclyAg.d9MMoCz67TO9qL0s8mL01Tb2obyM16VeAu2ncCpstwQg.JPEG.hellopharm%2F%25EB%258D%2594%25EB%2582%2598%25EC%259D%2580%25EC%2595%25BD%25EA%25B5%25AD1.jpg%3Ftype%3Dw966,"[{'작성자': '별점 1점인 곳에만 리뷰 남깁니다.', '별점': '1.0', '날짜': '2024.08.27.', '내용': '새로생긴? 깔끔한 외관이라 방문했는데 안경끼신 여 약사분? 너무 무성의하고 불친절하네요 툭툭 말씀하시고 약사는 약에관련하여 설명해줄 의무가있는데 참..', '좋아요': '0'}]","{'토': '09:00 ~ 14:00', '월': '09:00 ~ 19:00', '화': '09:00 ~ 19:00', '수': '09:00 ~ 19:00', '목': '09:00 ~ 19:00', '금': '09:00 ~ 19:00'}"
본약국,3.0,동대문구 전농로 212 1층,//img1.kakaocdn.net/cthumb/local/C1104x408.q50/?fname=http%3A%2F%2Ft1.daumcdn.net%2Flocalfiy%2F2BE1C8646BA54F0AB683D227CB255B6C,"[{'작성자': '정진우', '별점': '1.0', '날짜': '2025.02.12.', '내용': '처방전약 조제불가', '좋아요': '0'}, {'작성자': '냠냠차우더', '별점': '5.0', '날짜': '2025.01.18.', '내용': '학교앞이라 종종 가는데, 증상 말씀드리면 적절한 약 잘 챙겨주셔서 좋습니당!!! 약사님 친절하시고 조아요 청량리역 앞에 약국들 말고 전 여기 옵니다 ㅠㅠ', '좋아요': '0'}, {'작성자': '똘123', '별점': '1.0', '날짜': '2024.12.11.', '내용': 'ㅇ', '좋아요': '0'}]","{'토': '11:00 ~ 19:00', '일': '휴무일', '월': '09:30 ~ 20:30', '화': '09:30 ~ 20:30', '수': '09:30 ~ 20:30', '목': '09:30 ~ 20:30', '금': '09:30 ~ 20:30', '휴무일': '매주 일요일'}"
밝은온누리약국,,중랑구 동일로 634 덕천빌딩 1층,//img1.kakaocdn.net/cthumb/local/C544x408.q50/?fname=http%3A%2F%2Ft1.kakaocdn.net%2Fmystore%2F3970008B7FE94B13B6E2C37985D91704,"[{'작성자': '', '별점': '', '날짜': '', '내용': ' ', '좋아요': '0'}]","{'토': '08:10 ~ 20:00', '월': '08:10 ~ 21:00', '화': '08:10 ~ 21:00', '수': '08:10 ~ 21:00', '목': '08:10 ~ 21:00', '금': '08:10 ~ 21:00'}"
종로프라자약국,1.0,동대문구 사가정로 226 1층 101~104호,,"[{'작성자': 'J.W K', '별점': '1.0', '날짜': '2022.10.12.', '내용': '여기 뚱뚱한 약사 아닌 직원(아들추정) ㅈㄴ 불친절함 제발 다른약국 가세요. 약사도 ㅈㄴ 퉁명스럽고 뚱뚱한 인간 진짜 생긴것처럼 사가지 없는게 나도 자영업 하지만 서비스 마인드 그따구로면 아무도 안감 제발 단정한 옷차림으로 일하세요.', '좋아요': '0'}]","{'토': '휴무일', '일': '휴무일', '월': '09:00 ~ 21:30', '화': '09:00 ~ 21:30', '수': '09:00 ~ 21:30', '목': '09:00 ~ 21:30', '금': '09:00 ~ 21:30', '휴무일': '매주 토요일, 일요일'}"
행복한정약국,4.7,동대문구 이문로 188 1층,,"[{'작성자': '정효근', '별점': '4.0', '날짜': '2022.08.08.', '내용': '발모약을 처방받었는데 이약이 신장기능에 영향을. 주는지요?', '좋아요': '0'}, {'작성자': '김순애', '별점': '5.0', '날짜': '2020.05.22.', '내용': '엄마 일하는데', '좋아요': '1'}]","{'토': '08:00 ~ 19:00', '일': '08:00 ~ 19:00', '월': '08:00 ~ 18:00', '화': '08:00 ~ 18:00', '수': '08:00 ~ 18:00', '목': '08:00 ~ 18:00', '금': '08:00 ~ 18:00'}"
이문우량아약국,2.3,동대문구 신이문로 27 1층 101호,,"[{'작성자': '미니', '별점': '1.0', '날짜': '2024.03.12.', '내용': '같은 약을 다른 약국보다 3~4천원씩 비싸게 팜', '좋아요': '0'}, {'작성자': '신뢰', '별점': '2.0', '날짜': '2023.04.12.', '내용': '아 진짜 아이들 가루약봉지 바꿨으면 좋겠네요 다른곳은 전부 편한데 이상하게 비싸보이는 재질에 불편하기만한 봉지를 왜 고집하시는건지...잘못걸리면 가루 털어넣기 엄청 빡심. 이 약봉지 2번에 다시안가고 있음.', '좋아요': '0'}]","{'토': '08:30 ~ 19:00', '일': '09:00 ~ 16:00', '월': '08:30 ~ 22:00', '화': '08:30 ~ 22:00', '수': '08:30 ~ 22:00', '목': '08:30 ~ 22:00', '금': '08:30 ~ 22:00'}"
코끼리약국,0.0,동대문구 신이문로24길 4 1층,,"[{'작성자': '', '별점': '', '날짜': '', '내용': ' ', '좋아요': '0'}]",{}
장안메디칼약국,0.0,"동대문구 사가정로 207 삼협메디스빌딩 104,105호",,"[{'작성자': '', '별점': '', '날짜': '', '내용': ' ', '좋아요': '0'}]","{'토': '08:30 ~ 14:00', '월': '08:30 ~ 20:00', '화': '08:30 ~ 20:00', '수': '08:30 ~ 20:00', '목': '08:30 ~ 20:00', '금': '08:30 ~ 20:00'}"
혜중약국,5.0,동대문구 이문로 186 1층,//img1.kakaocdn.net/cthumb/local/C544x408.q50/?fname=https%3A%2F%2Fpostfiles.pstatic.net%2FMjAyNDA3MThfNzYg%2FMDAxNzIxMjkwNzc1Mjgw.850PJYqMW9QghgL4OFgAaFcKo0Wy5_idq8aRLMEUspQg.jMH5yDAiCFIk9W78SZrpSmppRBud5u5JjH4IRJDJUv8g.PNG%2F%25EC%258D%25B8%25EB%2584%25A4%25EC%259D%25BC_%25ED%2598%259C%25EC%25A4%2591%25EC%2595%25BD%25EA%25B5%25AD.png%3Ftype%3Dw966,"[{'작성자': '김민지', '별점': '5.0', '날짜': '2024.10.07.', '내용': '너무 친절하시고 3000원 약 사는데 자양강장제도 하나 주시네요 감사합니다!', '좋아요': '0'}, {'작성자': 'JSA0211', '별점': '5.0', '날짜': '2023.10.15.', '내용': '젊은 약사님이 친절하게 너무 잘해주시네요', '좋아요': '0'}, {'작성자': 'niceday', '별점': '5.0', '날짜': '2023.08.26.', '내용': '오랫동안 이용해왔는데, 약사분이 친절하시고 잘 대해주십니다.', '좋아요': '0'}]","{'토': '08:00 ~ 19:00', '일': '08:00 ~ 15:00', '월': '08:00 ~ 20:00', '화': '08:00 ~ 20:00', '수': '08:00 ~ 20:00', '목': '08:00 ~ 21:00', '금': '08:00 ~ 19:00'}"
한사랑온누리약국,0.0,동대문구 신이문로 41 1층,,"[{'작성자': '', '별점': '', '날짜': '', '내용': ' ', '좋아요': '0'}]","{'토': '09:00 ~ 13:00', '월': '09:00 ~ 18:00', '화': '09:00 ~ 18:00', '수': '09:00 ~ 18:00', '목': '09:00 ~ 18:00', '금': '09:00 ~ 18:00'}"
미래약국,5.0,중랑구 겸재로 113,,"[{'작성자': '', '별점': '', '날짜': '', '내용': ' ', '좋아요': '0'}]","{'토': '09:00 ~ 21:00', '월': '09:00 ~ 21:00', '화': '09:00 ~ 21:00', '수': '09:00 ~ 21:00', '목': '09:00 ~ 21:00', '금': '09:00 ~ 21:00'}"
손약국,0.0,중랑구 중랑역로 62 1층,,"[{'작성자': '', '별점': '', '날짜': '', '내용': ' ', '좋아요': '0'}]","{'토': '09:00 ~ 14:00', '월': '09:00 ~ 18:30', '화': '09:00 ~ 18:30', '수': '09:00 ~ 18:30', '목': '09:00 ~ 18:30', '금': '09:00 ~ 18:30'}"
명문온누리약국,0.0,동대문구 사가정로 225 1층,,"[{'작성자': '', '별점': '', '날짜': '', '내용': ' ', '좋아요': '0'}]","{'토': '09:00 ~ 18:00', '월': '09:00 ~ 20:00', '화': '09:00 ~ 20:00', '수': '09:00 ~ 20:00', '목': '09:00 ~ 20:00', '금': '09:00 ~ 20:00'}"
바하약국,0.0,동대문구 한천로 195 1층,//img1.kakaocdn.net/cthumb/local/C544x408.q50/?fname=https%3A%2F%2Fpostfiles.pstatic.net%2FMjAyMzEwMDVfMTg4%2FMDAxNjk2NDcyNjE0NTA4.XG0omgWyGR5GYPwO1TuFS122HI8i7DxhX8FNermq5f0g.bPIaaBrU54D5lDh-btOLW4hwzUULmSe2O603Sivvi5cg.JPEG.hahahataejeon%2F009.jpg%3Ftype%3Dw773,"[{'작성자': '', '별점': '', '날짜': '', '내용': ' ', '좋아요': '0'}]","{'토': '09:00 ~ 14:15', '월': '09:00 ~ 21:00', '화': '09:00 ~ 19:00', '수': '09:00 ~ 19:00', '목': '09:00 ~ 21:00', '금': '09:00 ~ 19:00'}"
우량아약국,0.0,동대문구 사가정로 214,,"[{'작성자': '', '별점': '', '날짜': '', '내용': ' ', '좋아요': '0'}]","{'토': '08:30 ~ 18:00', '월': '08:30 ~ 19:00', '화': '08:30 ~ 19:00', '수': '08:30 ~ 19:00', '목': '08:30 ~ 19:00', '금': '08:30 ~ 19:00'}"
재성메디칼,0.0,동대문구 사가정로 245-3,,"[{'작성자': '', '별점': '', '날짜': '', '내용': ' ', '좋아요': '0'}]",{}
면목종로약국,5.0,중랑구 겸재로 121,,"[{'작성자': '-', '별점': '5.0', '날짜': '2023.02.13.', '내용': '우리 할아버지 같다 라고 생각이 드네요,,, 다정하셔요,, 감동,,', '좋아요': '0'}, {'작성자': '쟤', '별점': '5.0', '날짜': '2022.08.18.', '내용': '친절하시고 좋았어요!', '좋아요': '0'}]","{'토': '09:00 ~ 15:00', '월': '09:00 ~ 19:00', '화': '09:00 ~ 19:00', '수': '09:00 ~ 19:00', '목': '09:00 ~ 19:00', '금': '09:00 ~ 19:00'}"
판도라 경희정문약국점,0.0,동대문구 경희대로 22-1,,"[{'작성자': '', '별점': '', '날짜': '', '내용': ' ', '좋아요': '0'}]","{'토': '09:00 ~ 16:00', '일': '휴무일', '월': '08:00 ~ 21:00', '화': '08:00 ~ 21:00', '수': '08:00 ~ 21:00', '목': '08:00 ~ 21:00', '금': '08:00 ~ 21:00', '휴무일': '매주 일요일'}"
하나은행365 면목은혜당약국,,중랑구 망우로32길 49,,"[{'작성자': '', '별점': '', '날짜': '', '내용': ' ', '좋아요': '0'}]",{}
